{"cameraMode":{"drawMode":0,"name":"Shaded","section":"Shading Mode"},"sceneLighting":false,"audioPlay":false,"sceneViewState":{"showFog":true,"showMaterialUpdate":false,"showSkybox":false,"showFlares":true,"showImageEffects":true,"showParticleSystems":true},"in2DMode":false,"pivot":{"x":0.32231616973876955,"y":0.29842445254325869,"z":0.4977274239063263},"rotation":{"x":-0.15870608389377595,"y":-0.13080176711082459,"z":0.021246569231152536,"w":-0.9784225225448608},"size":0.0063784122467041019,"orthographic":false}