{"cameraMode":{"drawMode":0,"name":"Shaded","section":"Shading Mode"},"sceneLighting":false,"audioPlay":false,"sceneViewState":{"showFog":true,"showMaterialUpdate":false,"showSkybox":false,"showFlares":true,"showImageEffects":true,"showParticleSystems":true},"in2DMode":false,"pivot":{"x":-0.7453553080558777,"y":1.6784002780914307,"z":7.122799873352051},"rotation":{"x":-0.06923961639404297,"y":0.02123134583234787,"z":-0.0014615599066019059,"w":-0.9973950386047363},"size":1.3416588306427003,"orthographic":false}